Kids_First_Biospecimen_ID	sample_id_latest	sample_id_previous
BS_0ATJ22QA	7316-3217-T-A12398.WGS	7316-3217
BS_0DVXQN0X	A16404-N.WXS	A16404
BS_0N50PRC8	A14447-N.WXS	A14447
BS_0NC1NQ01	7316-378-N.WGS	7316-378
BS_0ZA67BBC	A12748-T.RNA-Seq	A12748
BS_16FT8V4B	7316-167-T.WGS	7316-167
BS_17AXPP1Y	7316-176-T.WGS	7316-176
BS_1CQ01RV2	A18775-N.WXS	A18775
BS_1MME7FBS	7316-3216-T-A08692.WGS	7316-3216
BS_1N7MQZGR	A14449-T.RNA-Seq	A14449
BS_1Q524P3B	7316-3231-T-SF5599-4.WGS	7316-3231
BS_1RTE2KEX	A14709-T.WXS	A14709
BS_21ET39G7	A12398-T.RNA-Seq	A12398
BS_22VCR7DF	7316-3231-T-SF5599-7.WGS	7316-3231
BS_29YQSB5E	7316-3227-N-A14401.WGS	7316-3227
BS_2AM4ZQ21	A07081-N.WXS	A07081
BS_2EN3X6HB	7316-1464-T-416624.RNA-Seq	7316-1464
BS_2HDEZFTW	A19649-T.WXS	A19649
BS_2JP7RBMB	A16538-T.RNA-Seq	A16538
BS_2KMB51YF	A15170-T.WXS	A15170
BS_31Q3FW1X	A08767-N.WXS	A08767
BS_328C4BW5	A17997-T.WXS	A17997
BS_36HCZ3KW	7316-33-T.WGS	7316-33
BS_36YFSGDX	7316-3219-N-A08924.WGS	7316-3219
BS_3PNWA7WT	7316-3217-N-A12397.WGS	7316-3217
BS_3VKW5988	7316-3223-T-A09689.WGS	7316-3223
BS_3Z40EZHD	7316-3213-T-A05223.WGS	7316-3213
BS_402W79TS	A09689-T.WXS	A09689
BS_475X9707	A19646-N.WXS	A19646
BS_49CJNZ06	A09576-T.RNA-Seq	A09576
BS_4DQAQFQH	7316-4446-T-SF10438.WGS	7316-4446
BS_4KXBM5J8	7316-176-N.WGS	7316-176
BS_4RT8H37A	7316-119-N.WGS	7316-119
BS_52ETE050	A09446-T.WXS	A09446
BS_541KKASA	A09985-T.WXS	A09985
BS_5968GBGT	7316-3230-T-SF5606-19.WGS	7316-3230
BS_5CCAC8TZ	A16405-T.WXS	A16405
BS_5DPMQQVG	A08691-N.WXS	A08691
BS_5FBN4PPQ	A09576-T.WXS	A09576
BS_5VPM0F36	A09446-T.RNA-Seq	A09446
BS_5Z4XQC9X	7316-193-T.WGS	7316-193
BS_668350EZ	7316-3228-N-A14447.WGS	7316-3228
BS_6687ZNGS	A19015-T.WXS	A19015
BS_682Z7WH6	7316-3222-T-A09576.WGS	7316-3222
BS_68KX6A42	A18777-T.RNA-Seq	A18777
BS_68S56YSS	A08731-N.WXS	A08731
BS_69HX9VQM	A09409-N.WXS	A09409
BS_6B62YT97	A05262-T.WXS	A05262
BS_6DT506HY	A08692-T.WXS	A08692
BS_6GS4XT7F	7316-3233-N.WGS	7316-3233
BS_6JBE0947	7316-4448-T-SF10864.WGS	7316-4448
BS_6M2053M0	A19015-T.RNA-Seq	A19015
BS_6TDVHGKE	A12910-N.WXS	A12910
BS_6VPKXXMR	7316-1893-T.RNA-Seq	7316-1893
BS_6VTQ3W4M	A12748-T.WXS	A12748
BS_6YJ36D88	A14563-N.WXS	A14563
BS_74SJ7YV4	A15726-T.WXS	A15726
BS_74TZJTW0	A20091-T.WXS	A20091
BS_7GKF6M85	7316-3224-T-A09985.WGS	7316-3224
BS_7KR13R3P	A07150-T.Panel	A07150
BS_7PF3C1P7	7316-3218-T-A08768.WGS	7316-3218
BS_7WM3MNZ0	A16915-T.RNA-Seq	A16915
BS_8B6J1GTB	A14566-N.WXS	A14566
BS_8DTDM1MK	7316-84-N.WGS	7316-84
BS_8EXFWVFX	A08924-N.WXS	A08924
BS_8GW1TMV2	7316-178-T.RNA-Seq	7316-178
BS_8SYN7GXG	7316-3220-T-A09410.WGS	7316-3220
BS_8XYJEWN4	A17996-N.WXS	A17996
BS_8YQGSMDK	7316-6-T.WGS	7316-6
BS_8ZY4GST0	A07150-T.RNA-Seq	A07150
BS_9DN4QR6E	A12398-T.WXS	A12398
BS_9H6Z0MEG	7316-3214-N-A07081.WGS	7316-3214
BS_9P4NDTKJ	7316-3232-T.WGS	7316-3232
BS_9TSKXKGH	7316-3222-N-A09575.WGS	7316-3222
BS_A4QX5D2K	A15148-N.WXS	A15148
BS_A6YJ3WG2	A14565-T.WXS	A14565
BS_AEEKJ1QK	A08768-T.WXS	A08768
BS_AF5D41PD	7316-3230-T-SF5606-7.WGS	7316-3230
BS_AHAXPFG3	7316-3228-T-A14448.WGS	7316-3228
BS_AJAH8KG5	7316-177-T.WGS	7316-177
BS_AK9BV52G	7316-3231-T-SF5599-14.WGS	7316-3231
BS_AM2TZPNS	7316-164-T.WGS	7316-164
BS_APFT88Y3	7316-167-N.WGS	7316-167
BS_BKCPNFZ5	7316-3224-N-A09984.WGS	7316-3224
BS_BQ81D2BP	7316-3223-T-A09688.WGS	7316-3223
BS_C83TK159	A14709-T.RNA-Seq	A14709
BS_CBMAWSAR	7316-3227-T-A14403.WGS	7316-3227
BS_CGXTFM67	7316-3212-T-A03940.WGS	7316-3212
BS_CWCDM1BZ	A19014-N.WXS	A19014
BS_CX6KACX6	A14567-T.WXS	A14567
BS_D48QXYW6	7316-3225-N-A12747.WGS	7316-3225
BS_D6STCMQS	7316-3231-T-SF5599-8.WGS	7316-3231
BS_D7XRFE0R	7316-5812-T-A18777.RNA-seq	7316-5812
BS_DJAEYCW8	A09984-N.WXS	A09984
BS_DNS7HB2K	A17070-N.WXS	A17070
BS_DVDT4VXQ	7316-3234-T-SF10423.WGS	7316-3234
BS_E5RKHG41	7316-3215-N-A07149.WGS	7316-3215
BS_EE73VE7V	7316-3230-T-SF5606-12.WGS	7316-3230
BS_EQCAS6HV	7316-179-N.WGS	7316-179
BS_EZ3147MX	A16405-T.RNA-Seq	A16405
BS_F0JB4EAK	7316-3214-T-A07083.RNA-Seq	7316-3214
BS_F42WG7E7	7316-109-N.WGS	7316-109
BS_FCDAH728	A08732-T.RNA-Seq	A08732
BS_FHDR7FJE	7316-467-N.WGS	7316-467
BS_FK3B5SDH	7316-3221-T-A09446.WGS	7316-3221
BS_FQ7H95MY	7316-35-N.WGS	7316-35
BS_FWP8ZA4K	A08732-T.WXS	A08732
BS_FXJY0MNH	7316-4998-T-A15247.RNA-seq	7316-4998
BS_G3NN392N	A08768-T.RNA-Seq	A08768
BS_G6Z63GZD	A12747-N.WXS	A12747
BS_GBT44HST	A03942-T.WXS	A03942
BS_GKXD33YH	A14449-T.WXS	A14449
BS_GWSJ4Z9H	A05262-T.RNA-Seq	A05262
BS_H3TYF6GD	A09410-T.WXS	A09410
BS_H8NWA41N	7316-3217-T-A08732.WGS	7316-3217
BS_H97S5SQN	A18552-T.RNA-Seq	A18552
BS_HEJ72V3F	7316-3228-T-A14449.WGS	7316-3228
BS_HJ7HYZ7N	7316-3237-N-Brain.WGS	7316-3237
BS_HYGK88B0	7316-323-T.WGS	7316-323
BS_HYKV2TH9	7316-3230-T-SF5606-6.WGS	7316-3230
BS_J764TSC8	7316-135-N.WGS	7316-135
BS_J8EH1N7V	7316-3229-T-SF5608-2.WGS	7316-3229
BS_J8EK6RNF	7316-3237-T.WGS	7316-3237
BS_JAGHHZXH	7316-50-N.WGS	7316-50
BS_JB43XBCQ	A09985-T.RNA-Seq	A09985
BS_JCWD4DMA	A18552-T.WXS	A18552
BS_JHMWZ3NH	A03939-N.WXS	A03939
BS_JNHXS2PQ	A16933-N.WXS	A16933
BS_JQVAWTTM	A03942-T.RNA-seq	A03942
BS_JRFVST47	7316-3213-T-A05262.WGS	7316-3213
BS_K14VJ1E3	7316-226-T.WGS	7316-226
BS_KABQQA0T	7316-5003-T-A16915.RNA-seq	7316-5003
BS_KPG4WCHS	A16538-T.WXS	A16538
BS_KSKZ9J7J	7316-765-T.RNA-Seq	7316-765
BS_KZRK17FF	A16537-N.WXS	A16537
BS_M0B42FPR	7316-3214-T-A07083.WGS	7316-3214
BS_M5FM63EB	7316-3214-T-A07082.WGS	7316-3214
BS_M84H3KXA	7316-135-T.RNA-Seq	7316-135
BS_M8MTVQ7H	A09687-N.WXS	A09687
BS_MVYA262V	7316-3213-N-A05222.WGS	7316-3213
BS_MWXDJFWW	7316-124-T.WGS	7316-124
BS_N0DNCXRW	A05222-N.WXS	A05222
BS_NB9XXBW6	A08958-T.RNA-Seq	A08958
BS_NEVYM2FP	A17997-T.RNA-Seq	A17997
BS_NGSG2KB6	A09689-T.RNA-Seq	A09689
BS_NNFDFAFM	7316-3215-T-A07150.WGS	7316-3215
BS_NY9MPC8F	7316-3220-N-A09409.WGS	7316-3220
BS_P7VR731D	A16915-T.WXS	A16915
BS_PDC04A1K	A20088-N.WXS	A20088
BS_Q6GVRAWK	7316-3225-T-A12748.WGS	7316-3225
BS_Q7R8BT07	7316-3217-N-A08731.WGS	7316-3217
BS_QNNX91SM	A14567-T.RNA-Seq	A14567
BS_QPSQPDR8	7316-3218-N-A08767.WGS	7316-3218
BS_QZPGVNBB	A18777-T.WXS	A18777
BS_QZRP3NSG	7316-4447-T.WGS	7316-4447
BS_R6CKWZW6	7316-3222-T-A09577.WGS	7316-3222
BS_R7NTZR4C	A09410-T.RNA-Seq	A09410
BS_R9B92M75	A20091-T.RNA-Seq	A20091
BS_RKDSFDS1	A15725-N.WXS	A15725
BS_RNNWQNGX	A09445-N.WXS	A09445
BS_S7S6YEHA	7316-166-T.WGS	7316-166
BS_SFZ3A07S	7316-100-T.WGS	7316-100
BS_SNRF1RKC	7316-3223-N-A09687.WGS	7316-3223
BS_STZ2C71Q	7316-3216-N-A08691.WGS	7316-3216
BS_TQ0J7WJQ	7316-3219-T-A08958.WGS	7316-3219
BS_TW8DQH8J	7316-278-T.RNA-Seq	7316-278
BS_TYFD8ZMG	A08958-T.WXS	A08958
BS_VXDGXQKZ	7316-3235-T-SF10693.WGS	7316-3235
BS_W7MFJZ5A	A14565-T.RNA-Seq	A14565
BS_W9MBVTYX	7316-46-N.WGS	7316-46
BS_WHZT48VG	A07149-N.Panel	A07149
BS_WY0TAJD8	A18551-N.WXS	A18551
BS_WYTDVC0Y	A07082-T.WXS	A07082
BS_X4DD4KSZ	A17096-T.RNA-Seq	A17096
BS_X5VN0FW0	7316-3231-T-SF5599-11.WGS	7316-3231
BS_XGDPK33A	A19649-T.RNA-Seq	A19649
BS_XM1AHBDJ	A12911-T.RNA-Seq	A12911
BS_XPZAD9PP	A17096-T.WXS	A17096
BS_Y0DGBKTY	A12911-T.WXS	A12911
BS_Y74XAFJX	7316-3229-T-SF5608-3.WGS	7316-3229
BS_YDEVMD24	A08692-T.RNA-Seq	A08692
BS_YHXMYDBN	7316-3231-T-SF5599-2.WGS	7316-3231
BS_YK5XX7NX	A14708-N.WXS	A14708
BS_YZD4SSMA	7316-3240-T.WGS	7316-3240
BS_Z370T42N	7316-3221-N-A09445.WGS	7316-3221
BS_Z3RCA1T9	A15726-T.RNA-Seq	A15726
BS_ZF6BSFNF	A15170-T.RNA-Seq	A15170
BS_ZG51DA8Z	A12397-N.WXS	A12397
BS_ZSH09N84	7316-3227-T-A14402.WGS	7316-3227
BS_ZXQ7H95W	A09575-N.WXS	A09575
